病历号,患者姓名,"性别（男0,女1）",年龄,糖尿病病史（年）,糖肾分期,查尔森合并症指数（CCI）,egfr_baseline,uacr_baseline,utp24h_baseline,hba1c_baseline,ldlc_baseline,bp_baseline,Rationality,Adherence,Regimen optimization,GDMT counts,DDi/ADR actions,Medication education,Accept actions,egfr_3m,uacr_3m,utp24h_3m,hba1c_3m,ldlc_3m,bp_3m,GDMT是否中断治疗（是1否0）,egfr_6m,uacr_6m,utp24h_6m,hba1c_6m,ldlc_6m,bp_6m,GDMT是否中断治疗,再入院次数,是否透析,重大心血管不良事件（MACE）发生数,cluster_kmeans_bestk
753974,高畅,1,31,0.0,,4,42.0,2.9,1.2,9.7,3.35,149/106,0.5,1.0,0.25,0.75,0.0,0.466666666666667,0.25,72.0,0.2,0.52,7.2,2.17,140/100,0,73.0,0.02,0.19,5.0,1.66,130/90,0,0,0,0,0
735779,张法文,0,59,10.0,,9,14.8,1.8,2.08,4.9,3.36,176/83,0.5,0.5,0.0,0.0,0.0,0.0666666666666667,0.0,12.0,2.5,3.6,6.8,4.5,177/90,1,10.0,5.0,6.8,6.5,5.0,168/86,1,1,1,0,1
854031,刘炳森,0,38,10.0,IV,3,44.5,8.3,8.2,8.06,4.99,153/101,0.5,0.0,0.25,0.5,0.5,0.333333333333333,0.25,35.8,3.5,4.3,6.7,2.79,140/100,0,35.9,3.0,4.5,5.8,4.35,130/90,0,0,0,0,1
756632,张玥,1,28,4.0,,3,46.6,2.8,3.44,6.8,3.53,148/93,0.5,0.0,0.0,0.5,1.0,0.0666666666666667,0.0,42.5,2.1,4.46,7.3,2.81,156/96,0,36.0,3.2,4.9,7.6,3.1,146/83,1,0,0,0,1
759844,王庆华,0,50,1.0,,5,19.8,7.6,13.4,6.4,3.93,199/103,0.0,0.5,0.25,0.25,0.5,0.0666666666666667,0.25,15.5,5.7,6.8,4.9,6.8,158/78,1,14.6,5.8,6.4,7.1,5.8,160/85,1,2,1,1,1
760164,王学茹,1,67,30.0,,5,80.0,4.3,4.89,10.4,3.8,144/85,0.5,0.5,0.5,0.75,0.0,0.133333333333333,0.25,85.0,3.6,4.3,8.5,3.2,140/88,0,90.0,2.3,3.2,7.0,2.5,135/80,0,0,0,0,1
860605,宋绍刚,0,59,15.0,,5,21.7,1.95,2.1,6.6,2.28,160/85,0.0,0.0,0.5,0.0,1.0,0.266666666666667,0.25,25.88,1.7,2.0,6.8,2.77,165/87,1,23.0,1.3,1.8,7.0,3.1,159/82,1,0,0,1,1
762185,孙锡岭,0,65,0.0,,6,29.0,0.8,1.2,13.9,4.0,137/97,0.5,0.5,0.25,0.25,1.0,0.266666666666667,0.25,20.7,0.7,1.2,10.2,3.5,145/99,1,21.9,1.5,2.3,11.0,1.8,156/97,1,0,0,0,1
764254,牛建忠,0,54,10.0,IV,5,90.0,3.7,4.7,8.4,2.74,156/81,0.0,0.0,0.25,0.75,0.5,0.4,0.25,94.0,1.0,2.0,7.0,1.9,146/80,0,79.0,1.9,2.6,6.5,2.4,140/78,0,0,0,0,1
374597,薛丽云,1,74,6.0,,7,63.0,0.7,1.0,6.8,1.7,131/76,0.0,1.0,0.5,0.25,0.5,0.333333333333333,0.25,59.0,0.5,0.8,6.5,1.9,145/80,0,65.0,0.2,0.6,6.2,2.1,140/70,0,0,0,0,0
864959,张庆江,0,61,9.0,,5,46.0,0.01,0.09,5.4,3.4,140/88,0.5,1.0,0.5,0.5,0.5,0.666666666666667,0.5,44.0,0.01,0.02,5.5,3.2,132/80,0,50.0,0.01,0.02,5.6,2.3,130/75,0,0,0,0,0
438168,侯宝华,0,67,30.0,,5,17.6,0.1,0.4,7.0,1.2,142/81,0.5,0.5,0.5,0.25,1.0,0.533333333333333,0.5,39.0,0.01,0.02,6.0,2.1,130/80,0,52.0,0.01,0.02,5.2,1.6,120/65,0,0,0,0,0
768233,孟桂荣,1,69,17.0,III,8,40.0,0.03,0.14,5.9,1.69,136/81,1.0,1.0,0.25,0.5,0.5,0.533333333333333,0.25,45.0,0.03,0.2,6.0,1.5,120/80,0,48.0,0.03,0.17,6.2,1.63,112/70,0,1,0,0,0
768205,李玉刚,0,59,5.0,,8,40.0,0.2,0.58,6.7,2.92,111/88,0.5,1.0,0.25,0.5,0.5,0.333333333333333,0.25,45.0,0.3,0.5,5.6,2.1,118/85,0,50.0,0.1,0.2,5.2,1.8,120/88,0,0,0,0,1
768420,王彬,0,42,3.0,V,5,27.0,7.0,8.5,4.9,1.2,133/105,1.0,0.5,0.25,0.75,1.0,0.4,0.25,27.0,7.0,8.5,4.5,2.1,130/95,0,35.0,4.5,5.3,4.0,1.3,123/90,0,0,0,0,1
768953,乔云銮,0,78,30.0,,9,53.0,0.02,0.14,6.4,0.64,152/58,0.0,1.0,0.5,0.25,0.5,0.333333333333333,0.25,66.0,0.02,0.15,6.5,1.0,156/70,0,68.0,0.01,0.02,6.0,1.1,148/65,0,0,0,0,0
627789,尹红波,0,47,20.0,,3,64.0,1.5,1.9,9.2,4.1,143/94,0.5,0.5,1.0,1.0,1.0,1.0,1.0,93.0,0.8,1.1,7.0,1.93,130/85,0,100.0,0.01,0.02,6.2,1.5,125/75,0,0,0,0,0
775302,赵祖渤,0,73,20.0,II,6,77.0,8.5,11.0,9.5,6.0,172/89,0.5,1.0,1.0,1.0,1.0,0.933333333333333,1.0,76.0,2.8,3.7,7.5,3.9,150/86,0,90.0,1.5,2.3,6.0,2.8,130/78,0,0,0,0,0
726522,王宝芹,1,60,4.0,,7,46.3,5.1,7.06,5.2,4.73,208/104,0.0,0.0,0.5,1.0,1.0,0.4,0.5,35.1,5.1,6.4,5.1,4.1,150/70,0,47.0,3.5,4.2,4.9,3.1,145/68,0,0,0,0,0
726941,郭峰硕,0,35,1.0,,2,88.2,0.87,1.2,7.4,3.13,140/79,0.5,0.5,0.75,0.75,1.0,0.2,0.75,92.0,0.1,0.38,5.8,2.42,135/85,1,108.0,0.02,0.9,5.6,2.5,120/80,0,0,0,0,0
727129,孙文东,0,40,8.0,,4,58.4,5.46,8.19,7.8,2.68,146/90,0.5,0.0,0.25,0.25,0.0,0.2,0.25,53.67,2.7,3.1,9.7,3.75,158/93,0,17.28,5.8,7.9,11.3,4.1,167/113,1,1,1,1,1
270695,赵旭,0,45,9.0,,4,44.2,0.6,0.93,7.4,3.0,139/90,1.0,1.0,0.5,0.25,0.5,0.133333333333333,0.5,42.6,1.1,1.8,8.1,2.66,120/80,1,28.5,1.5,2.1,6.6,2.55,130/80,1,1,1,0,0
730947,闫家旺,0,27,0.0,,1,75.4,0.83,1.13,5.5,4.43,238/149,0.5,1.0,0.25,0.25,0.5,0.266666666666667,0.25,74.0,0.5,0.32,5.7,3.59,160/92,0,73.0,0.12,0.33,6.0,1.47,156/87,0,0,0,0,1
731550,李建云,1,23,13.0,,2,100.0,2.5,3.8,9.9,3.78,135/93,0.5,0.0,0.5,0.25,0.5,0.133333333333333,0.5,99.0,0.9,1.59,9.7,4.3,120/70,0,78.6,4.3,5.95,14.6,6.56,120/80,0,1,0,0,1
828293,刘富,0,79,10.0,,9,29.1,1.8,2.23,7.3,1.45,155/70,0.5,1.0,0.5,0.0,0.0,0.0,0.25,25.8,1.9,2.8,8.5,3.2,165/86,1,20.0,2.1,3.0,9.0,4.3,162/90,1,1,0,0,1
641270,田金中,0,76,5.0,,10,22.8,5.8,6.7,6.0,2.67,161/99,0.0,0.5,0.5,0.25,0.5,0.333333333333333,0.5,18.5,3.7,4.19,5.6,3.1,130‭‬/90,1,19.0,4.1,4.6,6.5,3.4,132/86,1,0,0,0,0
735184,郭美云,1,63,20.0,,7,9.9,3.25,5.68,8.0,4.82,171/91,0.0,0.5,0.5,0.25,0.5,0.333333333333333,0.5,9.6,3.1,4.0,6.6,1.98,143/75,1,8.2,3.5,4.9,6.9,2.36,130‭‬/90,1,2,1,1,0
206254,张福生,0,51,15.0,II,3,72.2,3.8,5.25,9.4,5.07,110/78,0.5,1.0,0.75,0.75,0.5,0.333333333333333,0.5,87.5,0.2,0.13,8.4,3.14,108/70,0,99.0,0.1,0.09,7.7,3.11,100/65,0,1,0,0,0
734808,孙长海,0,62,0.0,,5,74.0,2.7,4.2,8.95,4.55,161/80,0.0,1.0,0.5,0.75,0.5,0.333333333333333,0.5,70.6,0.9,1.2,6.0,2.56,110/70,0,75.5,0.2,0.88,5.7,4.75,130/82,0,0,0,0,0
832161,苏洁,1,70,20.0,,9,70.7,1.0,1.64,9.79,3.89,148/65,0.5,0.5,0.25,0.25,0.5,0.0,0.25,44.6,2.0,2.8,10.48,1.98,140/90,1,9.7,3.5,4.7,11.0,0.93,98/65,1,2,1,3,1
726737,孙莉,1,47,10.0,,5,103.5,1.2,1.97,6.6,0.96,140/83,0.5,0.0,0.25,0.75,0.5,0.2,0.25,90.0,1.1,1.8,7.0,1.0,138/80,0,82.0,1.3,2.1,9.5,2.67,152/90,1,2,0,1,1
737144,杨晋玉,1,75,10.0,,8,26.5,0.02,0.22,7.7,3.47,127/69,1.0,1.0,0.5,1.0,0.5,0.6,0.5,27.25,0.01,0.19,6.7,2.8,114/72,0,35.0,0.0,0.0,5.2,1.5,110/70,0,0,0,0,0
737375,杨启发,0,75,20.0,V,8,40.8,5.8,8.3,7.7,2.8,129/71,0.0,0.5,0.25,0.5,0.0,0.133333333333333,0.25,35.0,6.0,9.2,7.8,3.5,138/74,0,30.0,6.5,10.2,8.3,4.2,145/86,1,0,0,0,1
511735,于光辉,0,56,10.0,,7,3.87,1.0,1.0,8.05,1.03,141/97,0.0,0.5,0.25,0.25,0.5,0.133333333333333,0.25,4.1,1.0,1.0,6.54,0.8,148/86,0,3.8,1.0,1.0,7.0,0.9,156/90,1,0,1,0,1
603996,桑三秋,0,61,21.0,,4,63.3,13.1,14.4,6.1,2.3,129/77,0.0,0.0,0.75,0.75,0.5,0.2,0.75,73.1,3.5,4.3,5.6,2.3,120/75,0,94.7,2.5,3.3,5.2,1.6,118/70,0,0,0,0,0
742345,耿风春,0,53,10.0,,4,90.0,4.5,5.6,5.6,8.5,126/85,0.5,0.5,0.25,0.75,1.0,0.266666666666667,0.25,105.0,3.8,4.5,5.2,3.3,122/83,0,112.0,0.02,0.25,5.1,2.2,120/80,0,1,0,0,1
743088,孙旭,0,29,0.0,,3,57.5,0.02,0.21,8.0,2.5,95/71,0.0,0.5,0.5,0.25,1.0,0.2,0.5,101.0,0.01,0.2,7.0,2.6,100/70,0,90.4,0.01,0.1,5.0,2.5,102/75,0,0,0,0,0
712084,孙连胜,0,48,28.0,III-IV,7,26.5,5.0,6.85,6.9,4.02,165/107,0.5,0.0,0.25,0.5,0.5,0.2,0.25,28.8,7.1,8.8,8.9,2.34,150/100,0,26.0,12.8,13.8,10.1,3.1,154/104,0,1,0,0,1
746338,穆丙军,0,60,20.0,III,3,34.3,3.0,3.9,6.7,1.03,154/97,0.0,0.0,0.25,0.75,0.5,0.333333333333333,0.25,35.6,2.5,3.3,6.6,1.26,135/85,0,32.4,2.1,2.8,6.3,1.77,145/90,1,0,0,0,1
437143,李真,0,67,8.0,III,8,41.99,0.0,0.0,6.1,1.77,132/72,0.5,1.0,0.25,0.5,0.0,0.666666666666667,0.25,52.9,0.0,0.0,5.7,1.65,120/70,0,52.7,0.0,0.0,5.99,1.58,107/68,0,1,0,0,0
844037,张佳东,0,40,10.0,II,4,22.3,9.5,12.0,8.56,2.38,158/100,0.0,0.0,0.25,0.25,0.5,0.2,0.25,23.5,6.0,7.45,9.0,2.5,160/100,1,20.0,7.0,8.6,8.4,2.3,156/98,1,0,0,0,1
648138,张传宝,0,76,3.0,,6,60.4,1.3,1.64,7.7,3.03,150/94,1.0,0.5,0.0,0.5,0.5,0.133333333333333,0.0,55.0,0.9,1.15,7.0,2.8,142/93,0,50.0,0.8,1.1,7.8,3.0,140/100,1,0,0,0,1
747842,陈巧娟,1,43,13.0,IV,4,30.7,8.0,11.5,6.5,7.75,179/107,0.5,0.0,0.25,0.25,0.5,0.266666666666667,0.25,22.9,9.0,10.23,7.0,8.0,163/95,0,20.0,9.0,10.0,6.8,7.5,153/92,1,0,0,0,1
748528,孙志英,0,59,20.0,IV,6,27.9,4.6,5.2,6.2,3.24,167/99,0.5,1.0,0.25,0.0,0.0,0.133333333333333,0.25,22.0,5.8,6.87,6.9,4.2,152/102,1,15.0,6.0,7.2,8.9,5.8,163/105,1,0,0,0,1
517406,迟振跃,0,66,6.0,,8,68.7,6.6,9.1,6.8,5.36,140/87,0.0,1.0,0.5,1.0,0.5,0.733333333333333,0.5,95.0,3.0,2.5,6.6,3.89,135/80,0,92.0,1.9,2.58,6.7,2.1,130/70,0,0,0,0,0
500231,刘魁,0,67,20.0,III,7,22.38,4.9,7.32,7.6,1.95,145/92,0.5,1.0,0.75,0.5,0.5,0.4,0.5,21.85,4.5,5.79,6.6,2.1,140/83,1,20.0,4.0,5.2,6.0,2.4,140/80,0,0,0,0,0
847668,王玉蓉,1,61,30.0,,8,10.83,5.54,7.58,10.5,3.8,169/89,0.0,1.0,0.5,0.25,0.5,0.2,0.5,11.28,5.6,8.0,9.8,3.5,167/90,0,5.0,6.4,8.1,10.5,3.2,156/87,0,0,1,0,0
752622,孙建华,0,61,25.0,I,4,52.2,1.2,1.68,6.2,2.4,170/85,0.0,0.5,1.0,0.75,0.5,0.2,1.0,59.5,0.8,1.2,6.0,2.2,156/80,0,62.2,0.7,0.85,5.5,2.5,147/79,0,0,0,0,0
265245,袁智,0,58,10.0,III,5,64.3,10.9,12.7,5.9,1.99,169/78,0.0,1.0,0.5,1.0,0.5,0.466666666666667,0.5,67.0,3.3,4.3,5.7,3.53,150/90,0,86.0,1.5,2.1,5.6,3.72,142/83,0,0,0,0,0
803306,张全军,0,48,10.0,,3,47.8,1.2,1.47,6.06,3.47,152/104,0.5,0.0,0.25,0.25,0.5,0.333333333333333,0.25,45.0,0.9,1.1,5.9,3.5,140/90,0,47.0,0.8,0.9,5.8,3.2,130/80,0,0,0,0,1
712005,陈之森,0,52,10.0,II,3,72.0,2.9,3.8,7.8,4.35,126/79,0.0,0.0,1.0,0.75,0.0,0.4,1.0,67.0,2.1,3.0,6.5,1.95,105/70,0,64.0,1.8,2.4,6.2,2.4,110/80,0,0,0,0,0
717306,闫鹏,0,37,6.0,V,6,1.79,1.0,1.0,5.5,2.69,164/86,0.0,0.0,0.75,0.25,0.0,0.2,0.75,0.0,1.0,1.0,5.6,1.67,149/92,0,0.0,1.0,1.0,5.9,1.03,150/90,1,0,1,0,0
719308,刘彧,1,54,11.0,,3,84.0,3.3,4.24,10.9,6.1,166/89,0.0,0.0,0.5,0.75,0.0,0.2,0.5,63.0,0.2,0.74,7.4,5.0,157/79,0,40.0,1.2,2.2,7.2,2.41,140/90,0,1,0,0,1
655610,梁家硕,0,29,0.0,,3,114.0,0.3,1.4,7.0,2.96,116/85,0.5,1.0,0.75,0.75,0.0,0.4,0.75,117.0,0.2,0.9,6.7,3.1,112/81,0,116.0,0.03,0.05,6.0,2.8,110/76,0,0,0,0,0
719725,刘宝文,0,60,10.0,,7,49.0,0.0,0.0,7.3,2.14,124/80,0.5,0.0,0.5,0.5,0.5,0.2,0.5,44.0,0.0,0.0,7.0,2.5,130/85,0,35.0,0.0,0.0,7.8,3.1,143/90,1,0,0,0,1
258297,王勇,0,42,15.0,,5,31.2,10.4,12.0,9.8,3.8,169/100,0.5,0.0,0.25,0.5,0.5,0.266666666666667,0.25,20.0,13.6,15.0,6.0,4.1,160/78,1,15.0,11.0,12.0,4.5,3.15,165/85,1,2,1,1,1
721236,王超,0,45,13.0,,5,13.5,11.0,15.6,6.5,4.53,155/96,0.5,0.5,0.25,0.0,0.0,0.2,0.25,10.0,6.1,7.7,5.6,3.92,174/107,1,6.0,4.5,6.45,6.4,1.49,165/90,1,1,1,1,1
721046,宋保中,0,61,14.0,,5,38.7,3.8,5.3,10.5,4.14,156/86,0.0,0.0,0.25,0.5,0.5,0.533333333333333,0.25,37.0,4.2,5.1,7.0,3.5,140/80,0,26.0,2.6,3.1,6.5,2.8,138/85,0,0,0,0,1
817627,杜富强,0,66,0.0,,3,70.0,0.1,0.29,6.49,3.17,105/60,0.5,1.0,0.25,0.5,0.5,0.133333333333333,0.25,56.0,0.1,0.2,6.2,3.3,120/70,0,61.0,0.08,0.1,6.6,3.2,120/70,0,1,0,1,1
724005,刘西苓,1,48,0.7,III,2,80.4,5.4,7.3,7.5,3.4,151/86,1.0,1.0,0.25,0.75,0.5,0.533333333333333,0.25,101.0,6.2,7.7,6.2,1.75,142/80,0,80.0,2.6,3.4,5.8,1.8,137/75,0,0,0,0,0
667272,王景峰,0,52,0.5,,3,56.0,10.0,12.8,7.0,7.2,147/93,0.5,0.5,0.25,0.5,1.0,0.266666666666667,0.25,36.0,12.0,14.4,5.3,3.9,129/83,0,28.0,11.0,13.7,6.5,5.0,140/90,0,1,0,0,1
657336,杨芳,1,29,7.0,,2,112.0,8.2,9.7,11.1,4.65,172/121,1.0,1.0,0.5,0.25,0.5,0.4,0.5,112.0,6.0,7.2,9.0,1.65,142/80,0,116.0,2.7,3.5,10.0,1.7,135/75,0,0,0,0,0
668320,穆祥普,0,66,20.0,,7,39.9,10.0,14.0,7.6,3.2,180/90,0.0,0.0,0.25,0.0,0.5,0.133333333333333,0.25,11.1,11.3,12.8,6.3,2.9,169/91,1,7.0,5.2,6.9,7.0,1.7,173/90,1,3,1,1,1
669081,刘秀容,1,62,12.0,,3,77.6,1.7,1.95,6.5,4.5,177/94,0.5,0.0,0.5,0.5,0.5,0.4,0.5,58.0,0.9,1.2,5.2,4.7,150/86,0,55.0,0.8,1.1,5.8,3.2,142/80,0,0,0,0,0
365485,宁玉春,0,53,10.0,,5,21.0,2.9,3.68,7.4,3.1,137/94,0.5,1.0,0.5,0.25,1.0,0.6,0.5,27.0,1.2,1.98,5.8,1.1,123/75,0,31.7,2.1,3.0,6.6,1.4,130/80,0,0,0,0,0
670045,郑成保,0,57,5.0,III,3,94.0,3.9,5.0,8.0,4.88,159/82,0.5,0.5,0.25,0.5,1.0,0.133333333333333,0.25,80.0,1.8,2.35,6.8,4.5,163/86,0,74.0,2.3,3.7,7.5,5.3,156/85,1,0,0,0,1
670794,佟金萍,1,64,10.0,,4,94.9,2.9,3.84,6.1,4.79,141/89,0.5,0.5,0.5,0.75,0.5,0.333333333333333,0.5,101.0,2.1,3.2,5.6,3.5,130/80,0,100.0,1.2,1.9,5.6,2.8,128/75,0,0,0,0,0
518268,严立娟,1,39,5.0,,1,57.8,7.9,11.2,5.6,3.67,157/98,0.5,0.5,0.25,0.5,0.5,0.0666666666666667,0.0,43.0,8.2,10.3,6.5,4.1,150/90,0,17.0,7.7,10.3,7.0,4.8,160/93,1,1,0,0,1
441254,邓恩明,0,53,22.0,,7,3.0,1.0,1.0,11.3,3.1,145/75,0.5,0.0,0.25,0.0,0.5,0.2,0.25,3.0,1.0,1.0,7.5,1.8,152/90,1,4.0,1.0,1.0,9.0,1.0,147/85,1,2,1,1,1
671721,朱晓阳,1,38,10.0,,3,27.0,7.3,8.0,5.3,2.1,148/102,0.0,0.0,0.25,0.25,0.5,0.266666666666667,0.25,20.0,7.1,8.0,4.6,2.1,138/70,0,12.0,5.2,6.0,4.5,1.8,140/80,0,3,1,1,1
675725,刘永胜,0,52,5.0,,5,74.0,9.3,11.5,7.7,4.37,122/91,0.5,0.0,0.25,0.5,0.5,0.4,0.25,75.0,1.7,2.1,6.5,3.1,120/80,0,85.0,0.9,1.5,5.8,2.8,118/72,0,0,0,0,1
677876,王俊国,0,47,0.0,,1,116.0,1.1,1.36,7.4,3.4,138/99,0.5,0.5,0.25,0.5,0.5,0.133333333333333,0.25,110.0,0.9,1.2,6.9,4.4,124/96,0,110.0,0.8,1.1,7.1,3.8,125/92,0,0,0,0,1
680496,牛继光,0,66,0.0,,6,85.0,15.0,18.7,6.5,8.6,148/92,0.5,1.0,0.25,0.0,0.5,0.266666666666667,0.25,75.0,0.02,0.44,6.0,2.26,116/89,1,80.0,0.01,0.2,5.6,3.0,120/80,0,1,0,0,1
680645,魏蕤华,1,66,15.0,,4,91.0,6.5,8.8,6.4,8.4,121/78,1.0,1.0,0.5,0.5,0.5,0.333333333333333,0.5,93.0,3.2,4.5,5.9,4.5,113/75,0,94.0,0.6,1.5,5.4,5.8,115/73,0,0,0,0,0
682845,张伟,0,57,10.0,II,3,61.0,1.3,1.8,5.9,3.58,141/94,0.5,1.0,0.5,0.75,1.0,0.333333333333333,0.5,75.0,0.5,1.2,5.3,2.5,130/80,0,80.0,0.01,0.2,5.1,1.8,115/70,0,0,0,0,0
683705,翟禄鹏,0,29,0.0,,2,115.0,4.1,5.2,7.7,3.92,118/81,1.0,1.0,0.25,0.25,1.5,0.133333333333333,0.25,114.0,1.2,2.9,6.5,4.0,112/75,0,108.0,0.8,2.7,5.8,4.3,108/70,0,0,0,0,1
687609,张德胜,0,64,25.0,II,4,56.0,4.4,5.67,7.6,2.8,141/79,0.0,0.0,0.5,0.5,0.0,0.0666666666666667,0.25,43.0,2.5,3.8,9.0,4.3,134/89,0,41.0,4.2,6.5,11.0,3.8,140/86,1,1,0,0,1
698348,田辉,0,42,7.0,,3,21.3,7.4,10.2,6.0,4.04,182/103,0.5,0.0,0.25,0.25,0.5,0.2,0.25,23.0,10.0,12.0,6.3,3.8,142/87,0,14.0,11.0,14.0,5.0,4.0,145/90,1,1,1,0,1
699195,刘凤鸣,0,64,3.0,,5,28.0,9.8,13.8,6.5,5.52,125/84,0.5,1.0,0.5,0.5,1.0,0.4,0.25,48.0,10.0,14.9,5.4,5.68,130/80,0,52.0,8.0,10.2,5.0,4.5,126/78,0,1,0,0,0
641123,汪俊言,1,32,6.0,III,5,29.0,3.2,4.1,6.4,1.49,150/93,0.5,0.0,0.25,0.25,0.0,0.2,0.0,27.0,3.6,4.2,7.0,1.47,152/90,1,25.0,4.0,4.6,7.1,2.3,155/95,1,0,0,0,1
649421,窦向楠,0,32,5.0,I,2,50.0,9.8,14.8,6.2,5.6,145/86,0.5,0.0,0.25,0.25,0.5,0.0,0.25,22.0,11.0,17.0,7.0,1.6,148/87,1,18.0,10.3,13.0,6.8,3.5,156/93,1,1,0,1,1
650082,顾延行,0,63,27.0,,8,17.6,4.8,6.2,6.5,2.4,158/96,0.0,0.5,0.25,0.0,0.5,0.0666666666666667,0.0,13.0,5.6,6.8,7.6,3.5,150/90,1,10.0,6.0,7.0,7.7,3.2,148/89,1,1,1,1,1
650160,周万青,0,53,16.0,,3,61.0,4.6,7.0,11.8,2.8,142/85,0.5,0.0,0.25,0.5,0.0,0.266666666666667,0.25,47.0,2.5,3.3,7.2,3.4,144/88,0,50.0,2.1,2.8,6.8,2.6,140/83,0,0,0,0,1
649921,潘俊岩,0,59,7.0,,4,50.0,2.4,3.0,7.6,3.1,156/95,1.0,1.0,0.25,0.5,0.5,0.333333333333333,0.25,55.0,1.0,1.2,6.5,2.6,145/85,0,60.0,0.5,0.8,6.0,2.3,135/75,0,0,0,0,1
651051,周振荣,1,60,8.0,,7,60.0,2.8,3.5,7.9,4.1,155/92,0.5,0.5,0.5,0.25,0.5,0.333333333333333,0.5,72.0,0.12,0.3,6.8,1.35,148/86,0,80.0,0.01,0.02,6.4,1.5,132/75,0,0,0,0,0
624097,王铁军,0,45,8.0,,4,6.0,6.8,11.0,5.7,3.2,140/90,0.0,0.0,0.25,0.25,0.5,0.4,0.0,5.0,4.0,4.8,7.1,3.8,140/90,1,5.0,4.2,5.0,7.0,3.5,138/88,1,1,1,1,1
654020,赵立军,0,54,1.0,,6,17.0,3.2,4.6,7.2,2.2,140/90,0.0,0.0,0.5,0.0,0.5,0.4,0.0,15.0,4.0,4.9,6.8,2.3,138/86,1,16.0,4.2,5.0,6.5,2.5,132/82,1,0,0,0,1
641713,石松栋,0,45,8.0,,5,14.0,6.3,8.4,7.9,1.04,161/99,0.0,0.0,0.5,0.0,0.5,0.533333333333333,0.25,15.0,1.0,1.0,7.0,1.0,155/91,1,21.0,1.0,1.0,6.8,0.5,150/90,1,1,1,1,1
656597,李志刚,0,63,20.0,,7,9.7,4.5,5.1,5.1,2.5,171/100,0.0,0.5,0.5,0.0,0.5,0.333333333333333,0.25,10.0,5.0,5.8,6.0,3.2,164/95,1,11.0,4.0,4.8,6.2,3.1,160/93,1,0,0,0,1
656810,刘晓梅,1,55,6.0,,5,102.0,4.6,5.4,7.4,1.73,143/86,0.5,1.0,0.5,0.5,0.5,0.266666666666667,0.5,106.0,1.8,2.2,6.5,2.4,135/82,0,103.0,1.1,1.86,6.6,3.4,125/91,0,0,0,0,0
146947,安文杰,0,50,8.0,IV,6,19.0,6.0,7.0,4.4,3.6,160/95,0.5,0.0,0.25,0.25,0.5,0.266666666666667,0.25,22.0,7.0,8.3,4.0,2.2,156/90,1,10.0,6.5,7.2,5.0,2.5,150/94,1,1,1,1,1
657422,景琳琳,1,34,14.0,,5,14.0,9.4,13.6,10.7,4.0,132/80,1.0,0.5,0.0,0.0,1.0,0.266666666666667,0.0,15.0,10.0,12.0,9.7,3.5,130/80,1,10.0,9.6,10.7,9.0,3.8,135/92,1,0,1,0,1
659048,静国芹,1,51,5.0,III,5,27.0,1.8,2.5,6.3,5.0,170/96,0.0,0.5,0.5,0.25,1.0,0.533333333333333,0.25,26.4,1.0,1.7,6.0,4.3,152/90,0,32.0,0.5,0.8,5.6,3.2,140/85,0,0,0,0,0
460300,成津辉,0,31,5.0,,3,150.0,1.7,2.2,8.9,0.75,142/98,1.0,0.5,0.25,0.5,0.5,0.2,0.25,140.0,0.8,1.1,7.0,1.2,127/88,0,112.0,0.5,0.8,8.5,1.5,120/70,0,0,0,0,1
660680,朱增辉,0,44,5.0,,2,107.0,0.8,1.7,6.6,3.7,142/93,0.0,0.5,0.25,0.5,0.5,0.266666666666667,0.25,105.0,0.6,1.4,6.0,4.0,130/80,0,109.0,0.9,1.35,5.8,3.5,128/75,0,0,0,0,1
661026,高振平,0,62,17.0,,7,37.0,3.7,5.2,7.0,2.28,122/66,0.5,0.0,0.5,0.0,0.0,0.2,0.25,26.0,4.4,6.5,7.3,3.5,140/90,1,20.0,5.0,6.9,7.6,4.0,145/92,1,1,1,1,1
662063,燕世东,0,50,10.0,,3,102.0,8.0,9.4,10.6,3.2,147/85,0.5,0.5,0.75,0.5,0.0,0.466666666666667,0.75,94.0,2.5,3.6,9.7,3.5,140/90,0,99.5,4.6,6.8,9.5,4.7,135/75,0,0,0,0,0
